{"cameraMode":{"drawMode":0,"name":"Shaded","section":"Shading Mode"},"sceneLighting":false,"audioPlay":false,"sceneViewState":{"showFog":true,"showMaterialUpdate":false,"showSkybox":false,"showFlares":true,"showImageEffects":true,"showParticleSystems":true},"in2DMode":false,"pivot":{"x":15.726438522338868,"y":26.748729705810548,"z":80.37410736083985},"rotation":{"x":0.33270588517189028,"y":0.3973878026008606,"z":-0.15723669528961183,"w":0.8407435417175293},"size":32.38987350463867,"orthographic":false}