{"cameraMode":{"drawMode":0,"name":"Shaded","section":"Shading Mode"},"sceneLighting":false,"audioPlay":false,"sceneViewState":{"showFog":true,"showMaterialUpdate":false,"showSkybox":false,"showFlares":true,"showImageEffects":true,"showParticleSystems":true},"in2DMode":false,"pivot":{"x":-31.963232040405275,"y":9.044231414794922,"z":-52.51419448852539},"rotation":{"x":-0.3717971742153168,"y":0.3441990613937378,"z":-0.1508289873600006,"w":-0.8489678502082825},"size":17.277652740478517,"orthographic":false}